"list_name","name","label","district"
"community","henicheska","Генічеська","kerchenskyi"
"community","dovzhanska","Довжанська","rovenkivskyi"
"community","snizhnianska","Сніжнянська","rovenkivskyi"
"community","rovenkivska","Ровеньківська","rovenkivskyi"
"community","lutuhynska","Лутугинська","rovenkivskyi"
"community","alchevska","Алчевська","rovenkivskyi"
"community","antratsytivska","Антрацитівська","rovenkivskyi"
"community","khrustalnenska","Хрустальненська","rovenkivskyi"
"community","chystiakivska","Чистяківська","rovenkivskyi"
"community","khrestivska","Хрестівська","rovenkivskyi"
"community","kyrylivska","Кирилівська","henicheskyi"
"community","prysyvaska","Присиваська","henicheskyi"
"community","chkalovska","Чкаловська","henicheskyi"
"community","rubanivska","Рубанівська","henicheskyi"
"community","ivanivska","Іванівська","henicheskyi"
"community","nyzhnosirohozka","Нижньосірогозька","henicheskyi"
"community","askaniia-nova","Асканія-Нова","henicheskyi"
"community","veselivska","Веселівська","henicheskyi"
"community","verkhnorohachytska","Верхньорогачицька","henicheskyi"
"community","hornostaivska","Горностаївська","henicheskyi"
"community","tavrychanska","Тавричанська","henicheskyi"
"community","yakymivska","Якимівська","henicheskyi"
"community","novotroitska","Новотроїцька","henicheskyi"
"community","oleshkivska","Олешківська","kakhovskyi"
"community","mylivska","Милівська","kakhovskyi"
"community","novokakhovska","Новокаховська","kakhovskyi"
"community","khrestivska","Хрестівська","kakhovskyi"
"community","vodianska","Водянська","kakhovskyi"
"community","kalanchatska","Каланчацька","kakhovskyi"
"community","beryslavska","Бериславська","kakhovskyi"
"community","velykolepetyska","Великолепетиська","kakhovskyi"
"community","pokrovska","Покровська","kakhovskyi"
"community","novooleksandrivska","Новоолександрівська","kakhovskyi"
"community","novoraiska","Новорайська","kakhovskyi"
"community","tiahynska","Тягинська","kakhovskyi"
"community","zelenopidska","Зеленопідська","kakhovskyi"
"community","kakhovska","Каховська","kakhovskyi"
"community","kostiantynivska","Костянтинівська","kakhovskyi"
"community","tavriiska","Таврійська","kakhovskyi"
"community","vynohradivska","Виноградівська","kakhovskyi"
"community","myrnenska","Мирненська","kakhovskyi"
"community","yuvileina","Ювілейна","kakhovskyi"
"community","velykobilozerska","Великобілозерська","kakhovskyi"
"community","kam'iansko-dniprovska","Кам'янсько-Дніпровська","kakhovskyi"
"community","novovorontsovska","Нововоронцовська","kakhovskyi"
"community","hrushivska","Грушівська","kakhovskyi"
"community","chaplynska","Чаплинська","kakhovskyi"
"community","liubymivska","Любимівська","kakhovskyi"
"community","bilozerska","Білозерська","skadovskyi"
"community","holoprystanska","Голопристанська","skadovskyi"
"community","chulakivska","Чулаківська","skadovskyi"
"community","ochakivska","Очаківська","skadovskyi"
"community","novomykolaivska","Новомиколаївська","skadovskyi"
"community","dolmativska","Долматівська","skadovskyi"
"community","lazurnenska","Лазурненська","skadovskyi"
"community","bekhterska","Бехтерська","skadovskyi"
"community","skadovska","Скадовська","skadovskyi"
"community","shevchenkivska","Шевченківська","khersonskyi"
"community","horokhivska","Горохівська","khersonskyi"
"community","snihurivska","Снігурівська","khersonskyi"
"community","halytsynivska","Галицинівська","khersonskyi"
"community","velykokopanivska","Великокопанівська","khersonskyi"
"community","dar'ivska","Дар'ївська","khersonskyi"
"community","stanislavska","Станіславська","khersonskyi"
"community","chornobaivska","Чорнобаївська","khersonskyi"
"community","muzykivska","Музиківська","khersonskyi"
"community","khersonska","Херсонська","khersonskyi"
"community","novodunaievetska","Новодунаєвецька","khmelnytskyi"
"community","viitovetska","Війтовецька","khmelnytskyi"
"community","volochyska","Волочиська","khmelnytskyi"
"community","husiatynska","Гусятинська","khmelnytskyi"
"community","viitivetska","Війтівецька","khmelnytskyi"
"community","lanovetska","Лановецька","khmelnytskyi"
"community","novoushytska","Новоушицька","khmelnytskyi"
"community","barska","Барська","khmelnytskyi"
"community","liubarska","Любарська","khmelnytskyi"
"community","yampilska","Ямпільська","khmelnytskyi"
"community","pidvolochyska","Підволочиська","khmelnytskyi"
"community","hrymailivska","Гримайлівська","khmelnytskyi"
"community","smotrytska","Смотрицька","khmelnytskyi"
"community","zinkivska","Зіньківська","khmelnytskyi"
"community","skorykivska","Скориківська","khmelnytskyi"
"community","zasluchnenska","Заслучненська","khmelnytskyi"
"community","zakupnenska","Закупненська","khmelnytskyi"
"community","antoninska","Антонінська","khmelnytskyi"
"community","chemerovetska","Чемеровецька","khmelnytskyi"
"community","vinkovetska","Віньковецька","khmelnytskyi"
"community","hvardiiska","Гвардійська","khmelnytskyi"
"community","vovkovynetska","Вовковинецька","khmelnytskyi"
"community","horodotska","Городоцька","khmelnytskyi"
"community","narkevytska","Наркевицька","khmelnytskyi"
"community","derazhnianska","Деражнянська","khmelnytskyi"
"community","rozsoshanska","Розсошанська","khmelnytskyi"
"community","krasylivska","Красилівська","khmelnytskyi"
"community","letychivska","Летичівська","khmelnytskyi"
"community","lisovohrynivetska","Лісовогринівецька","khmelnytskyi"
"community","medzhybizka","Меджибізька","khmelnytskyi"
"community","myroliubnenska","Миролюбненська","khmelnytskyi"
"community","satanivska","Сатанівська","khmelnytskyi"
"community","solobkovetska","Солобковецька","khmelnytskyi"
"community","starokostiantynivska","Старокостянтинівська","khmelnytskyi"
"community","staroostropilska","Староостропільська","khmelnytskyi"
"community","starosyniavska","Старосинявська","khmelnytskyi"
"community","teofipolska","Теофіпольська","khmelnytskyi"
"community","khmelnytska","Хмельницька","khmelnytskyi"
"community","chornoostrivska","Чорноострівська","khmelnytskyi"
"community","shchyborivska","Щиборівська","khmelnytskyi"
"community","yarmolynetska","Ярмолинецька","khmelnytskyi"
"community","hrytsivska","Грицівська","khmelnytskyi"
"community","bilohirska","Білогірська","khmelnytskyi"
"community","iziaslavska","Ізяславська","khmelnytskyi"
"community","lenkovetska","Ленковецька","khmelnytskyi"
"community","polonska","Полонська","khmelnytskyi"
"community","litynska","Літинська","khmelnytskyi"
"community","zhmerynska","Жмеринська","khmelnytskyi"
"community","khmilnytska","Хмільницька","khmelnytskyi"
"community","sakhnovetska","Сахновецька","khmelnytskyi"
"community","yerkivska","Єрківська","zvenyhorodskyi"
"community","butska","Буцька","zvenyhorodskyi"
"community","buzhanska","Бужанська","zvenyhorodskyi"
"community","vatutinska","Ватутінська","zvenyhorodskyi"
"community","vynohradska","Виноградська","zvenyhorodskyi"
"community","vilshanska","Вільшанська","zvenyhorodskyi"
"community","nadlatska","Надлацька","zvenyhorodskyi"
"community","novoarkhanhelska","Новоархангельська","zvenyhorodskyi"
"community","vodianytska","Водяницька","zvenyhorodskyi"
"community","lyp'ianska","Лип'янська","zvenyhorodskyi"
"community","katerynopilska","Катеринопільська","zvenyhorodskyi"
"community","lysianska","Лисянська","zvenyhorodskyi"
"community","mokrokalyhirska","Мокрокалигірська","zvenyhorodskyi"
"community","selyshchenska","Селищенська","zvenyhorodskyi"
"community","shevchenkivska","Шевченківська","zvenyhorodskyi"
"community","steblivska","Стеблівська","zvenyhorodskyi"
"community","shpolianska","Шполянська","zvenyhorodskyi"
"community","babanska","Бабанська","zvenyhorodskyi"
"community","bashtechkivska","Баштечківська","zvenyhorodskyi"
"community","dmytrushkivska","Дмитрушківська","zvenyhorodskyi"
"community","ivankivska","Іваньківська","zvenyhorodskyi"
"community","mankivska","Маньківська","zvenyhorodskyi"
"community","horodyshchenska","Городищенська","zvenyhorodskyi"
"community","korsun-shevchenkivska","Корсунь-Шевченківська","zvenyhorodskyi"
"community","medvynska","Медвинська","zvenyhorodskyi"
"community","rotmistrivska","Ротмістрівська","zvenyhorodskyi"
"community","stavyshchenska","Ставищенська","zvenyhorodskyi"
"community","tarashchanska","Таращанська","zvenyhorodskyi"
"community","ternivska","Тернівська","zvenyhorodskyi"
"community","bohuslavska","Богуславська","zvenyhorodskyi"
"community","matusivska","Матусівська","zvenyhorodskyi"
"community","novomyrhorodska","Новомиргородська","zvenyhorodskyi"
"community","zvenyhorodska","Звенигородська","zvenyhorodskyi"
"community","talnivska","Тальнівська","zvenyhorodskyi"
"community","nabutivska","Набутівська","zvenyhorodskyi"
"community","zorivska","Зорівська","zolotoniskyi"
"community","sahunivska","Сагунівська","zolotoniskyi"
"community","novodmytrivska","Новодмитрівська","zolotoniskyi"
"community","obolonska","Оболонська","zolotoniskyi"
"community","voznesenska","Вознесенська","zolotoniskyi"
"community","velykokhutirska","Великохутірська","zolotoniskyi"
"community","helmiazivska","Гельмязівська","zolotoniskyi"
"community","drabivska","Драбівська","zolotoniskyi"
"community","chervonoslobidska","Червонослобідська","zolotoniskyi"
"community","lipliavska","Ліплявська","zolotoniskyi"
"community","zolotoniska","Золотоніська","zolotoniskyi"
"community","pishchanska","Піщанська","zolotoniskyi"
"community","chornobaivska","Чорнобаївська","zolotoniskyi"
"community","shramkivska","Шрамківська","zolotoniskyi"
"community","leskivska","Леськівська","zolotoniskyi"
"community","budyshchenska","Будищенська","zolotoniskyi"
"community","hradyzka","Градизька","zolotoniskyi"
"community","hrebinkivska","Гребінківська","zolotoniskyi"
"community","pyriatynska","Пирятинська","zolotoniskyi"
"community","tashanska","Ташанська","zolotoniskyi"
"community","tsyblivska","Циблівська","zolotoniskyi"
"community","yahotynska","Яготинська","zolotoniskyi"
"community","orzhytska","Оржицька","zolotoniskyi"
"community","moshnivska","Мошнівська","zolotoniskyi"
"community","irkliivska","Іркліївська","zolotoniskyi"
"community","blahovishchenska","Благовіщенська","umanskyi"
"community","haivoronska","Гайворонська","umanskyi"
"community","holovanivska","Голованівська","umanskyi"
"community","perehonivska","Перегонівська","umanskyi"
"community","pidvysotska","Підвисоцька","umanskyi"
"community","palanska","Паланська","umanskyi"
"community","ladyzhynska","Ладижинська","umanskyi"
"community","umanska","Уманська","umanskyi"
"community","tetiivska","Тетіївська","umanskyi"
"community","dzhulynska","Джулинська","umanskyi"
"community","krasnopilska","Краснопільська","umanskyi"
"community","orativska","Оратівська","umanskyi"
"community","dashivska","Дашівська","umanskyi"
"community","teplytska","Теплицька","umanskyi"
"community","monastyryshchenska","Монастирищенська","umanskyi"
"community","zhashkivska","Жашківська","umanskyi"
"community","khrystynivska","Христинівська","umanskyi"
"community","cherkaska","Черкаська","cherkaskyi"
"community","chyhyrynska","Чигиринська","cherkaskyi"
"community","balakleivska","Балаклеївська","cherkaskyi"
"community","berezniakivska","Березняківська","cherkaskyi"
"community","bilozirska","Білозірська","cherkaskyi"
"community","bobrytska","Бобрицька","cherkaskyi"
"community","kanivska","Канівська","cherkaskyi"
"community","dmytrivska","Дмитрівська","cherkaskyi"
"community","medvedivska","Медведівська","cherkaskyi"
"community","mykhailivska","Михайлівська","cherkaskyi"
"community","divychkivska","Дівичківська","cherkaskyi"
"community","ruskopolianska","Руськополянська","cherkaskyi"
"community","smilianska","Смілянська","cherkaskyi"
"community","stepankivska","Степанківська","cherkaskyi"
"community","oleksandrivska","Олександрівська","cherkaskyi"
"community","myronivska","Миронівська","cherkaskyi"
"community","rzhyshchivska","Ржищівська","cherkaskyi"
"community","velykoandrusivska","Великоандрусівська","cherkaskyi"
"community","kam'ianska","Кам'янська","cherkaskyi"
"community","mliivska","Мліївська","cherkaskyi"
"community","stepanetska","Степанецька","cherkaskyi"
"community","biloberizka","Білоберізька","vyzhnytskyi"
"community","kutska","Кутська","vyzhnytskyi"
"community","mamaivska","Мамаївська","vyzhnytskyi"
"community","krasnoilska","Красноїльська","vyzhnytskyi"
"community","brusnytska","Брусницька","vyzhnytskyi"
"community","putylska","Путильська","vyzhnytskyi"
"community","storozhynetska","Сторожинецька","vyzhnytskyi"
"community","berehometska","Берегометська","vyzhnytskyi"
"community","ust-putylska","Усть-Путильська","vyzhnytskyi"
"community","seliatynska","Селятинська","vyzhnytskyi"
"community","banylivska","Банилівська","vyzhnytskyi"
"community","koniatynska","Конятинська","vyzhnytskyi"
"community","vashkivetska","Вашківецька","vyzhnytskyi"
"community","vyzhnytska","Вижницька","vyzhnytskyi"
"community","rozhnivska","Рожнівська","vyzhnytskyi"
"community","sniatynska","Снятинська","vyzhnytskyi"
"community","nepolokovetska","Неполоковецька","vyzhnytskyi"
"community","myrivska","Мирівська","zaporizkyi"
"community","vilnianska","Вільнянська","zaporizkyi"
"community","bilenkivska","Біленьківська","zaporizkyi"
"community","tavriiska","Таврійська","zaporizkyi"
"community","pavlivska","Павлівська","zaporizkyi"
"community","preobrazhenska","Преображенська","zaporizkyi"
"community","mykhailivska","Михайлівська","zaporizkyi"
"community","pokrovska","Покровська","zaporizkyi"
"community","novooleksandrivska","Новоолександрівська","zaporizkyi"
"community","stepnohirska","Степногірська","zaporizkyi"
"community","slavhorodska","Славгородська","zaporizkyi"
"community","dolynska","Долинська","zaporizkyi"
"community","mykhailo-lukashivska","Михайло-Лукашівська","zaporizkyi"
"community","orikhivska","Оріхівська","zaporizkyi"
"community","kushuhumska","Кушугумська","zaporizkyi"
"community","stepnenska","Степненська","zaporizkyi"
"community","matviivska","Матвіївська","zaporizkyi"
"community","zaporizka","Запорізька","zaporizkyi"
"community","novomykolaivska","Новомиколаївська","zaporizkyi"
"community","solonianska","Солонянська","zaporizkyi"
"community","ternuvatska","Тернуватська","zaporizkyi"
"community","vozdvyzhivska","Воздвижівська","zaporizkyi"
"community","tomakivska","Томаківська","zaporizkyi"
"community","vasylkivska","Васильківська","zaporizkyi"
"community","raivska","Раївська","zaporizkyi"
"community","shyrokivska","Широківська","zaporizkyi"
"community","komyshuvaska","Комишуваська","zaporizkyi"
"community","petro-mykhailivska","Петро-Михайлівська","zaporizkyi"
"community","kadiivska","Кадіївська","horlivskyi"
"community","popasnianska","Попаснянська","horlivskyi"
"community","debaltsivska","Дебальцівська","horlivskyi"
"community","bakhmutska","Бахмутська","horlivskyi"
"community","svitlodarska","Світлодарська","horlivskyi"
"community","ocheretynska","Очеретинська","horlivskyi"
"community","toretska","Торецька","horlivskyi"
"community","amvrosiivska","Амвросіївська","horlivskyi"
"community","vuhlehirska","Вуглегірська","horlivskyi"
"community","horlivska","Горлівська","horlivskyi"
"community","yenakiievska","Єнакієвська","horlivskyi"
"community","zhdanivska","Жданівська","horlivskyi"
"community","shakhtarska","Шахтарська","horlivskyi"
"community","ilovaiska","Іловайська","horlivskyi"
"community","makiivska","Макіївська","horlivskyi"
"community","khartsyzka","Харцизька","horlivskyi"
"community","kostiantynivska","Костянтинівська","horlivskyi"
"community","liutenska","Лютенська","myrhorodskyi"
"community","varvynska","Варвинська","myrhorodskyi"
"community","lubenska","Лубенська","myrhorodskyi"
"community","lebedynska","Лебединська","myrhorodskyi"
"community","lokhvytska","Лохвицька","myrhorodskyi"
"community","komyshanska","Комишанська","myrhorodskyi"
"community","synivska","Синівська","myrhorodskyi"
"community","lypovodolynska","Липоводолинська","myrhorodskyi"
"community","andriiashivska","Андріяшівська","myrhorodskyi"
"community","serhiivska","Сергіївська","myrhorodskyi"
"community","hadiatska","Гадяцька","myrhorodskyi"
"community","hoholivska","Гоголівська","myrhorodskyi"
"community","hlobynska","Глобинська","myrhorodskyi"
"community","petrivsko-romenska","Петрівсько-Роменська","myrhorodskyi"
"community","velykobahachanska","Великобагачанська","myrhorodskyi"
"community","romodanivska","Ромоданівська","myrhorodskyi"
"community","bilotserkivska","Білоцерківська","myrhorodskyi"
"community","semenivska","Семенівська","myrhorodskyi"
"community","khorolska","Хорольська","myrhorodskyi"
"community","chornukhynska","Чорнухинська","myrhorodskyi"
"community","velykobudyshchanska","Великобудищанська","myrhorodskyi"
"community","velykosorochynska","Великосорочинська","myrhorodskyi"
"community","zavodska","Заводська","myrhorodskyi"
"community","komyshnianska","Комишнянська","myrhorodskyi"
"community","myrhorodska","Миргородська","myrhorodskyi"
"community","krasnolutska","Краснолуцька","myrhorodskyi"
"community","senchanska","Сенчанська","myrhorodskyi"
"community","shyshatska","Шишацька","myrhorodskyi"
"community","dykanska","Диканська","myrhorodskyi"
"community","zinkivska","Зіньківська","myrhorodskyi"
"community","reshetylivska","Решетилівська","myrhorodskyi"
"community","lozivska","Лозівська","pavlohradskyi"
"community","pereshchepynska","Перещепинська","pavlohradskyi"
"community","dubovykivska","Миколаївська","pavlohradskyi"
"community","brahynivska","Брагинівська","pavlohradskyi"
"community","troitska","Троїцька","pavlohradskyi"
"community","mezhyritska","Межиріцька","pavlohradskyi"
"community","sakhnovshchynska","Сахновщинська","pavlohradskyi"
"community","blyzniukivska","Близнюківська","pavlohradskyi"
"community","ilarionivska","Іларіонівська","pavlohradskyi"
"community","ternivska","Тернівська","pavlohradskyi"
"community","cherkaska","Черкаська","pavlohradskyi"
"community","pishchanska","Піщанська","pavlohradskyi"
"community","hubynyska","Губиниська","pavlohradskyi"
"community","verbkivska","Вербківська","pavlohradskyi"
"community","bohdanivska","Богданівська","pavlohradskyi"
"community","pavlohradska","Павлоградська","pavlohradskyi"
"community","zaitsivska","Зайцівська","pavlohradskyi"
"community","rozdorska","Роздорська","pavlohradskyi"
"community","yur'ivska","Юр'ївська","pavlohradskyi"
"community","boikivska","Бойківська","kalmiuskyi"
"community","novoazovska","Новоазовська","kalmiuskyi"
"community","volnovaska","Волноваська","kalmiuskyi"
"community","vuhledarska","Вугледарська","kalmiuskyi"
"community","myrnenska","Мирненська","kalmiuskyi"
"community","olhynska","Ольгинська","kalmiuskyi"
"community","dokuchaievska","Докучаєвська","kalmiuskyi"
"community","donetska","Донецька","kalmiuskyi"
"community","kalmiuska","Кальміуська","kalmiuskyi"
"community","starobeshivska","Старобешівська","kalmiuskyi"
"community","sartanska","Сартанська","kalmiuskyi"
"community","mar'inska","Мар'їнська","kalmiuskyi"
"community","barvinkivska","Барвінківська","kramatorskyi"
"community","chasovoiarska","Часовоярська","kramatorskyi"
"community","shakhivska","Шахівська","kramatorskyi"
"community","krasnorichenska","Красноріченська","kramatorskyi"
"community","borivska","Борівська","kramatorskyi"
"community","kreminska","Кремінська","kramatorskyi"
"community","ukrainska","Українська","kramatorskyi"
"community","slov'ianska","Слов'янська","kramatorskyi"
"community","novodonetska","Новодонецька","kramatorskyi"
"community","dobropilska","Добропільська","kramatorskyi"
"community","slov'ianska","Слов'янська","kramatorskyi"
"community","bilozerska","Білозерська","kramatorskyi"
"community","siverska","Сіверська","kramatorskyi"
"community","soledarska","Соледарська","kramatorskyi"
"community","kryvorizka","Криворізька","kramatorskyi"
"community","cherkaska","Черкаська","kramatorskyi"
"community","andriivska","Андріївська","kramatorskyi"
"community","druzhkivska","Дружківська","kramatorskyi"
"community","kramatorska","Краматорська","kramatorskyi"
"community","illinivska","Іллінівська","kramatorskyi"
"community","mykolaivska","Миколаївська","kramatorskyi"
"community","oleksandrivska","Олександрівська","kramatorskyi"
"community","sviatohirska","Святогірська","kramatorskyi"
"community","hrodivska","Гродівська","kramatorskyi"
"community","oskilska","Оскільська","kramatorskyi"
"community","lymanska","Лиманська","kramatorskyi"
"community","dzhurynska","Джуринська","zhmerynskyi"
"community","murafska","Мурафська","zhmerynskyi"
"community","hnivanska","Гніванська","zhmerynskyi"
"community","tyvrivska","Тиврівська","zhmerynskyi"
"community","yakushynetska","Якушинецька","zhmerynskyi"
"community","severynivska","Северинівська","zhmerynskyi"
"community","kopaihorodska","Копайгородська","zhmerynskyi"
"community","stanislavchytska","Станіславчицька","zhmerynskyi"
"community","sharhorodska","Шаргородська","zhmerynskyi"
"community","vendychanska","Вендичанська","zhmerynskyi"
"community","chernivetska","Чернівецька","zhmerynskyi"
"community","murovanokurylovetska","Мурованокуриловецька","zhmerynskyi"
"community","tomashpilska","Томашпільська","zhmerynskyi"
"community","shpykivska","Шпиківська","zhmerynskyi"
"community","yampilska","Ямпільська","mohyliv-podilskyi"
"community","sokyrianska","Сокирянська","mohyliv-podilskyi"
"community","babchynetska","Бабчинецька","mohyliv-podilskyi"
"community","yaryshivska","Яришівська","mohyliv-podilskyi"
"community","mohyliv-podilska","Могилів-Подільська","mohyliv-podilskyi"
"community","horodkivska","Городківська","mohyliv-podilskyi"
"community","studenianska","Студенянська","mohyliv-podilskyi"
"community","vapniarska","Вапнярська","tulchynskyi"
"community","ladyzhynska","Ладижинська","tulchynskyi"
"community","kunkivska","Кунківська","tulchynskyi"
"community","raihorodska","Райгородська","tulchynskyi"
"community","nemyrivska","Немирівська","tulchynskyi"
"community","haisynska","Гайсинська","tulchynskyi"
"community","obodivska","Ободівська","tulchynskyi"
"community","trostianetska","Тростянецька","tulchynskyi"
"community","chechelnytska","Чечельницька","tulchynskyi"
"community","kryzhopilska","Крижопільська","tulchynskyi"
"community","bratslavska","Брацлавська","tulchynskyi"
"community","pishchanska","Піщанська","tulchynskyi"
"community","tulchynska","Тульчинська","tulchynskyi"
"community","kodymska","Кодимська","tulchynskyi"
"community","stryzhavska","Стрижавська","khmilnytskyi"
"community","pohrebyshchenska","Погребищенська","khmilnytskyi"
"community","turbivska","Турбівська","khmilnytskyi"
"community","koziatynska","Козятинська","khmilnytskyi"
"community","hlukhovetska","Глуховецька","khmilnytskyi"
"community","ivanivska","Іванівська","khmilnytskyi"
"community","makhnivska","Махнівська","khmilnytskyi"
"community","kalynivska","Калинівська","khmilnytskyi"
"community","samhorodotska","Самгородоцька","khmilnytskyi"
"community","ulanivska","Уланівська","khmilnytskyi"
"community","vchoraishenska","Вчорайшенська","khmilnytskyi"
"community","raihorodotska","Райгородоцька","khmilnytskyi"
"community","andrushivska","Андрушівська","khmilnytskyi"
"community","krasnopilska","Краснопільська","khmilnytskyi"
"community","ruzhynska","Ружинська","khmilnytskyi"
"community","semenivska","Семенівська","khmilnytskyi"
"community","vyshnivska","Вишнівська","volodymyr-volynskyi"
"community","ustyluzka","Устилузька","volodymyr-volynskyi"
"community","volodymyr-volynska","Володимир-Волинська","volodymyr-volynskyi"
"community","zaturtsivska","Затурцівська","volodymyr-volynskyi"
"community","ivanychivska","Іваничівська","volodymyr-volynskyi"
"community","zymnivska","Зимнівська","volodymyr-volynskyi"
"community","novovolynska","Нововолинська","volodymyr-volynskyi"
"community","lytovezka","Литовезька","volodymyr-volynskyi"
"community","lokachynska","Локачинська","volodymyr-volynskyi"
"community","ovadnivska","Оваднівська","volodymyr-volynskyi"
"community","pavlivska","Павлівська","volodymyr-volynskyi"
"community","poromivska","Поромівська","volodymyr-volynskyi"
"community","dorosynivska","Доросинівська","volodymyr-volynskyi"
"community","turiiska","Турійська","volodymyr-volynskyi"
"community","horokhivska","Горохівська","volodymyr-volynskyi"
"community","torchynska","Торчинська","volodymyr-volynskyi"
"community","sokalska","Сокальська","volodymyr-volynskyi"
"community","rivnenska","Рівненська","kovelskyi"
"community","dubivska","Дубівська","kovelskyi"
"community","kamin-kashyrska","Камінь-Каширська","kovelskyi"
"community","manevytska","Маневицька","kovelskyi"
"community","liublynetska","Люблинецька","kovelskyi"
"community","velymchenska","Велимченська","kovelskyi"
"community","dubechnenska","Дубечненська","kovelskyi"
"community","soshychnenska","Сошичненська","kovelskyi"
"community","velytska","Велицька","kovelskyi"
"community","holobska","Голобська","kovelskyi"
"community","zabolottivska","Заболоттівська","kovelskyi"
"community","holovnenska","Головненська","kovelskyi"
"community","kovelska","Ковельська","kovelskyi"
"community","zabrodivska","Забродівська","kovelskyi"
"community","kolodiazhnenska","Колодяжненська","kovelskyi"
"community","lukivska","Луківська","kovelskyi"
"community","liubomlska","Любомльська","kovelskyi"
"community","povorska","Поворська","kovelskyi"
"community","samarivska","Самарівська","kovelskyi"
"community","ratnivska","Ратнівська","kovelskyi"
"community","serekhovychivska","Сереховичівська","kovelskyi"
"community","smidynska","Смідинська","kovelskyi"
"community","starovyzhivska","Старовижівська","kovelskyi"
"community","shatska","Шацька","kovelskyi"
"community","rozhyshchenska","Рожищенська","kovelskyi"
"community","kolkivska","Колківська","kovelskyi"
"community","lysychanska","Лисичанська","bakhmutskyi"
"community","zvanivska","Званівська","bakhmutskyi"
"community","chudnivska","Чуднівська","berdychivskyi"
"community","shvaikivska","Швайківська","berdychivskyi"
"community","skvyrska","Сквирська","berdychivskyi"
"community","kharytonivska","Харитонівська","berdychivskyi"
"community","berdychivska","Бердичівська","berdychivskyi"
"community","hryshkovetska","Гришковецька","berdychivskyi"
"community","chervonenska","Червоненська","berdychivskyi"
"community","andrushkivska","Андрушківська","berdychivskyi"
"community","korostyshivska","Коростишівська","berdychivskyi"
"community","vilshanska","Вільшанська","berdychivskyi"
"community","novohuivynska","Новогуйвинська","berdychivskyi"
"community","popilnianska","Попільнянська","berdychivskyi"
"community","stanyshivska","Станишівська","berdychivskyi"
"community","malynska","Малинська","zhytomyrskyi"
"community","novoborivska","Новоборівська","zhytomyrskyi"
"community","bronykivska","Брониківська","zhytomyrskyi"
"community","horodotska","Городоцька","zhytomyrskyi"
"community","hlybochytska","Глибочицька","zhytomyrskyi"
"community","kurnenska","Курненська","zhytomyrskyi"
"community","pulynska","Пулинська","zhytomyrskyi"
"community","kvitneva","Квітнева","zhytomyrskyi"
"community","makarivska","Макарівська","zhytomyrskyi"
"community","piskivska","Пісківська","zhytomyrskyi"
"community","vysokivska","Високівська","zhytomyrskyi"
"community","byshivska","Бишівська","zhytomyrskyi"
"community","kozhanska","Кожанська","zhytomyrskyi"
"community","tomashivska","Томашівська","zhytomyrskyi"
"community","berezivska","Березівська","zhytomyrskyi"
"community","brusylivska","Брусилівська","zhytomyrskyi"
"community","vyshevytska","Вишевицька","zhytomyrskyi"
"community","zhytomyrska","Житомирська","zhytomyrskyi"
"community","cherniakhivska","Черняхівська","zhytomyrskyi"
"community","oliivska","Оліївська","zhytomyrskyi"
"community","khoroshivska","Хорошівська","zhytomyrskyi"
"community","irshanska","Іршанська","zhytomyrskyi"
"community","barashivska","Барашівська","zhytomyrskyi"
"community","kornynska","Корнинська","zhytomyrskyi"
"community","myropilska","Миропільська","zhytomyrskyi"
"community","potiivska","Потіївська","zhytomyrskyi"
"community","radomyshlska","Радомишльська","zhytomyrskyi"
"community","starosiletska","Старосілецька","zhytomyrskyi"
"community","romanivska","Романівська","zhytomyrskyi"
"community","teterivska","Тетерівська","zhytomyrskyi"
"community","ushomyrska","Ушомирська","zhytomyrskyi"
"community","baranivska","Баранівська","zhytomyrskyi"
"community","dovbyska","Довбиська","zhytomyrskyi"
"community","sorokynska","Сорокинська","dovzhanskyi"
"community","stanychno-luhanska","Станично-Луганська","dovzhanskyi"
"community","luhanska","Луганська","dovzhanskyi"
"community","molodohvardiiska","Молодогвардійська","dovzhanskyi"
"community","yurkovetska","Юрковецька","chortkivskyi"
"community","dubovetska","Дубовецька","chortkivskyi"
"community","kadubovetska","Кадубовецька","chortkivskyi"
"community","kolyndianska","Колиндянська","chortkivskyi"
"community","ivanivska","Іванівська","chortkivskyi"
"community","zolotnykivska","Золотниківська","chortkivskyi"
"community","mykulynetska","Микулинецька","chortkivskyi"
"community","pidhaietska","Підгаєцька","chortkivskyi"
"community","ivane-pustenska","Іване-Пустенська","chortkivskyi"
"community","terebovlianska","Теребовлянська","chortkivskyi"
"community","vasylkovetska","Васильковецька","chortkivskyi"
"community","zolotopotitska","Золотопотіцька","chortkivskyi"
"community","bilobozhnytska","Білобожницька","chortkivskyi"
"community","borshchivska","Борщівська","chortkivskyi"
"community","kopychynetska","Копичинецька","chortkivskyi"
"community","buchatska","Бучацька","chortkivskyi"
"community","koropetska","Коропецька","chortkivskyi"
"community","zalishchytska","Заліщицька","chortkivskyi"
"community","zavodska","Заводська","chortkivskyi"
"community","kostryzhivska","Кострижівська","chortkivskyi"
"community","melnytse-podilska","Мельнице-Подільська","chortkivskyi"
"community","monastyryska","Монастириська","chortkivskyi"
"community","nahirianska","Нагірянська","chortkivskyi"
"community","tovstenska","Товстенська","chortkivskyi"
"community","skala-podilska","Скала-Подільська","chortkivskyi"
"community","khorostkivska","Хоростківська","chortkivskyi"
"community","chortkivska","Чортківська","chortkivskyi"
"community","trybukhivska","Трибухівська","chortkivskyi"
"community","bilche-zolotetska","Більче-Золотецька","chortkivskyi"
"community","chernelytska","Чернелицька","chortkivskyi"
"community","verenchanska","Веренчанська","chortkivskyi"
"community","hukivska","Гуківська","chortkivskyi"
"community","zhvanetska","Жванецька","chortkivskyi"
"community","orynynska","Орининська","chortkivskyi"
"community","yezupilska","Єзупільська","chortkivskyi"
"community","bilshivtsivska","Більшівцівська","chortkivskyi"
"community","oleshanska","Олешанська","chortkivskyi"
"community","tlumatska","Тлумацька","chortkivskyi"
"community","horodenkivska","Городенківська","chortkivskyi"
"community","rukshynska","Рукшинська","chortkivskyi"
"community","khotynska","Хотинська","chortkivskyi"
"community","skalatska","Скалатська","chortkivskyi"
"community","viknianska","Вікнянська","chortkivskyi"
"community","klishkovetska","Клішковецька","chortkivskyi"
"community","sutyskivska","Сутисківська","vinnytskyi"
"community","volodarska","Володарська","vinnytskyi"
"community","ahronomichna","Агрономічна","vinnytskyi"
"community","vinnytska","Вінницька","vinnytskyi"
"community","voronovytska","Вороновицька","vinnytskyi"
"community","luka-meleshkivska","Лука-Мелешківська","vinnytskyi"
"community","illinetska","Іллінецька","vinnytskyi"
"community","lypovetska","Липовецька","vinnytskyi"
"community","baltska","Балтська","haisynskyi"
"community","pishchanska","Піщанська","haisynskyi"
"community","bershadska","Бершадська","haisynskyi"
"community","olhopilska","Ольгопільська","haisynskyi"
"community","sobolivska","Соболівська","haisynskyi"
"community","novokalynivska","Новокалинівська","sambirskyi"
"community","kozivska","Козівська","sambirskyi"
"community","biskovytska","Бісковицька","sambirskyi"
"community","sudovovyshnianska","Судововишнянська","sambirskyi"
"community","borynska","Боринська","sambirskyi"
"community","nyzhnovoritska","Нижньоворітська","sambirskyi"
"community","zhdeniivska","Жденіївська","sambirskyi"
"community","sambirska","Самбірська","sambirskyi"
"community","dobromylska","Добромильська","sambirskyi"
"community","stavnenska","Ставненська","sambirskyi"
"community","drohobytska","Дрогобицька","sambirskyi"
"community","velykoliubinska","Великолюбінська","sambirskyi"
"community","skhidnytska","Східницька","sambirskyi"
"community","komarnivska","Комарнівська","sambirskyi"
"community","horodotska","Городоцька","sambirskyi"
"community","rudkivska","Рудківська","sambirskyi"
"community","ralivska","Ралівська","sambirskyi"
"community","starosambirska","Старосамбірська","sambirskyi"
"community","strilkivska","Стрілківська","sambirskyi"
"community","khyrivska","Хирівська","sambirskyi"
"community","mostyska","Мостиська","sambirskyi"
"community","shehynivska","Шегинівська","sambirskyi"
"community","medenytska","Меденицька","sambirskyi"
"community","boryslavska","Бориславська","sambirskyi"
"community","turkivska","Турківська","sambirskyi"
"community","sukhoielanetska","Сухоєланецька","mykolaivskyi"
"community","shyrokivska","Широківська","mykolaivskyi"
"community","radsadivska","Радсадівська","mykolaivskyi"
"community","kostiantynivska","Костянтинівська","mykolaivskyi"
"community","voskresenska","Воскресенська","mykolaivskyi"
"community","kurisovska","Курісовська","mykolaivskyi"
"community","novokalchevska","Новокальчевська","mykolaivskyi"
"community","inhulska","Інгульська","mykolaivskyi"
"community","olshanska","Ольшанська","mykolaivskyi"
"community","mishkovo-pohorilivska","Мішково-Погорілівська","mykolaivskyi"
"community","vesnianska","Веснянська","mykolaivskyi"
"community","chornomorska","Чорноморська","mykolaivskyi"
"community","yelanetska","Єланецька","mykolaivskyi"
"community","pryvilnenska","Привільненська","mykolaivskyi"
"community","nechaianska","Нечаянська","mykolaivskyi"
"community","veselynivska","Веселинівська","mykolaivskyi"
"community","doroshivska","Дорошівська","mykolaivskyi"
"community","koblivska","Коблівська","mykolaivskyi"
"community","berezanska","Березанська","mykolaivskyi"
"community","kutsurubska","Куцурубська","mykolaivskyi"
"community","mykolaivska","Миколаївська","mykolaivskyi"
"community","berezivska","Березівська","mykolaivskyi"
"community","vyzyrska","Визирська","mykolaivskyi"
"community","yuzhnenska","Южненська","mykolaivskyi"
"community","mykhailivska","Степівська","mykolaivskyi"
"community","novoodeska","Новоодеська","mykolaivskyi"
"community","pervomaiska","Первомайська","mykolaivskyi"
"community","petrovirivska","Петровірівська","berezivskyi"
"community","konoplianska","Коноплянська","berezivskyi"
"community","ivanivska","Іванівська","berezivskyi"
"community","novoborysivska","Новоборисівська","berezivskyi"
"community","znam'ianska","Знам'янська","berezivskyi"
"community","tsebrykivska","Цебриківська","berezivskyi"
"community","zakharivska","Захарівська","berezivskyi"
"community","domanivska","Доманівська","berezivskyi"
"community","zatyshanska","Затишанська","berezivskyi"
"community","andriievo-ivanivska","Андрієво-Іванівська","berezivskyi"
"community","staromaiakivska","Старомаяківська","berezivskyi"
"community","raukhivska","Раухівська","berezivskyi"
"community","rozkvitivska","Розквітівська","berezivskyi"
"community","chohodarivska","Чогодарівська","berezivskyi"
"community","shyriaivska","Ширяївська","berezivskyi"
"community","striukivska","Стрюківська","berezivskyi"
"community","mostivska","Мостівська","berezivskyi"
"community","vradiivska","Врадіївська","berezivskyi"
"community","mykolaivska","Миколаївська","berezivskyi"
"community","velykobuialytska","Великобуялицька","berezivskyi"
"community","rozdilnianska","Роздільнянська","berezivskyi"
"community","dobroslavska","Доброславська","berezivskyi"
"community","krasnosilska","Красносільська","berezivskyi"
"community","usativska","Усатівська","berezivskyi"
"community","liubashivska","Любашівська","berezivskyi"
"community","ananivska","Ананьївська","berezivskyi"
"community","dolynska","Долинська","berezivskyi"
"community","liubeshivska","Любешівська","kamin-kashyrskyi"
"community","prylisnenska","Прилісненська","kamin-kashyrskyi"
"community","loknytska","Локницька","kamin-kashyrskyi"
"community","polytska","Полицька","kamin-kashyrskyi"
"community","zarichnenska","Зарічненська","kamin-kashyrskyi"
"community","varaska","Вараська","kamin-kashyrskyi"
"community","kostopilska","Костопільська","lutskyi"
"community","krupetska","Крупецька","lutskyi"
"community","demydivska","Демидівська","lutskyi"
"community","mlynivska","Млинівська","lutskyi"
"community","ostrozhetska","Острожецька","lutskyi"
"community","pidloztsivska","Підлозцівська","lutskyi"
"community","pidgaycivska","Підгайцівська","lutskyi"
"community","horodyshchenska","Городищенська","lutskyi"
"community","kopachivska","Копачівська","lutskyi"
"community","berestechkivska","Берестечківська","lutskyi"
"community","boratynska","Боратинська","lutskyi"
"community","mar?ianivska","Мар'янівська","lutskyi"
"community","yaroslavytska","Ярославицька","lutskyi"
"community","kivertsivska","Ківерцівська","lutskyi"
"community","lutska","Луцька","lutskyi"
"community","tsumanska","Цуманська","lutskyi"
"community","lopatynska","Лопатинська","lutskyi"
"community","radekhivska","Радехівська","lutskyi"
"community","diadkovytska","Дядьковицька","lutskyi"
"community","zorianska","Зорянська","lutskyi"
"community","boremelska","Боремельська","lutskyi"
"community","brodivska","Бродівська","lutskyi"
"community","derazhnenska","Деражненська","lutskyi"
"community","klevanska","Клеванська","lutskyi"
"community","bativska","Батівська","berehivskyi"
"community","chopska","Чопська","berehivskyi"
"community","velykobyihanska","Великобийганська","berehivskyi"
"community","korolivska","Королівська","berehivskyi"
"community","vylotska","Вилоцька","berehivskyi"
"community","vynohradivska","Виноградівська","berehivskyi"
"community","kam'ianska","Кам'янська","berehivskyi"
"community","velykoberezka","Великоберезька","berehivskyi"
"community","kosonska","Косоньська","berehivskyi"
"community","berehivska","Берегівська","berehivskyi"
"community","pyiterfolvivska","Пийтерфолвівська","berehivskyi"
"community","horondivska","Горондівська","berehivskyi"
"community","mukachivska","Мукачівська","berehivskyi"
"community","velykodobronska","Великодобронська","berehivskyi"
"community","zarichanska","Зарічанська","berehivskyi"
"community","bilkivska","Білківська","berehivskyi"
"community","vyshkivska","Вишківська","berehivskyi"
"community","irshavska","Іршавська","berehivskyi"
"community","khustska","Хустська","berehivskyi"
"community","uspenыvska","Успенівська","bilhorod-dnistrovskyi"
"community","molohivska","Мологівська","bilhorod-dnistrovskyi"
"community","shabivska","Шабівська","bilhorod-dnistrovskyi"
"community","ovidiopolska","Овідіопольська","bilhorod-dnistrovskyi"
"community","dalnytska","Дальницька","bilhorod-dnistrovskyi"
"community","maiakivska","Маяківська","bilhorod-dnistrovskyi"
"community","plakhtiivska","Плахтіївська","bilhorod-dnistrovskyi"
"community","petropavlivska","Петропавлівська","bilhorod-dnistrovskyi"
"community","starokozatska","Старокозацька","bilhorod-dnistrovskyi"
"community","pavlivska","Павлівська","bilhorod-dnistrovskyi"
"community","tuzlivska","Тузлівська","bilhorod-dnistrovskyi"
"community","lymanska","Лиманська","bilhorod-dnistrovskyi"
"community","serhiivska","Сергіївська","bilhorod-dnistrovskyi"
"community","dyviziiska","Дивізійська","bilhorod-dnistrovskyi"
"community","artsyzka","Арцизька","bilhorod-dnistrovskyi"
"community","karolino-buhazka","Кароліно-Бугазька","bilhorod-dnistrovskyi"
"community","marazliivska","Маразліївська","bilhorod-dnistrovskyi"
"community","bilhorod-dnistrovska","Білгород-Дністровська","bilhorod-dnistrovskyi"
"community","borodinska","Бородінська","bilhorod-dnistrovskyi"
"community","biliaivska","Біляївська","bilhorod-dnistrovskyi"
"community","kiliiska","Кілійська","bilhorod-dnistrovskyi"
"community","kulevchanska","Кулевчанська","bilhorod-dnistrovskyi"
"community","vylkivska","Вилківська","bilhorod-dnistrovskyi"
"community","tatarbunarska","Татарбунарська","bilhorod-dnistrovskyi"
"community","saratska","Саратська","bilhorod-dnistrovskyi"
"community","kubeiska","Кубейська","bolhradskyi"
"community","saf'ianivska","Саф'янівська","bolhradskyi"
"community","bolhradska","Болградська","bolhradskyi"
"community","tarutynska","Тарутинська","bolhradskyi"
"community","vasylivska","Василівська","bolhradskyi"
"community","teplytska","Теплицька","bolhradskyi"
"community","horodnenska","Городненська","bolhradskyi"
"community","krynychnenska","Криничненська","bolhradskyi"
"community","reniiska","Ренійська","bolhradskyi"
"community","suvorovska","Суворовська","bolhradskyi"
"community","izmailska","Ізмаїльська","izmailskyi"
"community","oknianska","Окнянська","podilskyi"
"community","zelenohirska","Зеленогірська","podilskyi"
"community","zavallivska","Заваллівська","podilskyi"
"community","kryvoozerska","Кривоозерська","podilskyi"
"community","podilska","Подільська","podilskyi"
"community","slobidska","Слобідська","podilskyi"
"community","savranska","Савранська","podilskyi"
"community","kuialnytska","Куяльницька","podilskyi"
"community","novohaleshchynska","Новогалещинська","kremenchutskyi"
"community","pryshybska","Пришибська","kremenchutskyi"
"community","horishnoplavnivska","Горішньоплавнівська","kremenchutskyi"
"community","kam'ianopotokivska","Кам'янопотоківська","kremenchutskyi"
"community","kozelshchynska","Козельщинська","kremenchutskyi"
"community","kremenchutska","Кременчуцька","kremenchutskyi"
"community","omelnytska","Омельницька","kremenchutskyi"
"community","pishchanska","Піщанська","kremenchutskyi"
"community","bilytska","Білицька","kremenchutskyi"
"community","kobeliatska","Кобеляцька","kremenchutskyi"
"community","svitlovodska","Світловодська","kremenchutskyi"
"community","verkhnodniprovska","Верхньодніпровська","kremenchutskyi"
"community","onufriivska","Онуфріївська","kremenchutskyi"
"community","sukhopolov'ianska","Сухополов'янська","brovarskyi"
"community","prystolychna","Пристолична","brovarskyi"
"community","bobrovytska","Бобровицька","brovarskyi"
"community","novobasanska","Новобасанська","brovarskyi"
"community","yablunivska","Яблунівська","brovarskyi"
"community","boryspilska","Бориспільська","brovarskyi"
"community","voronkivska","Вороньківська","brovarskyi"
"community","pereiaslavska","Переяславська","brovarskyi"
"community","studenykivska","Студениківська","brovarskyi"
"community","kalynivska","Калинівська","brovarskyi"
"community","kalytianska","Калитянська","brovarskyi"
"community","berezanska","Березанська","brovarskyi"
"community","baryshivska","Баришівська","brovarskyi"
"community","brovarska","Броварська","brovarskyi"
"community","velykodymerska","Великодимерська","brovarskyi"
"community","zazymska","Зазимська","brovarskyi"
"community","zhurivska","Згурівська","brovarskyi"
"community","vyshhorodska","Вишгородська","brovarskyi"
"community","pirnivska","Пірнівська","brovarskyi"
"community","makiivska","Макіївська","brovarskyi"
"community","kozeletska","Козелецька","brovarskyi"
"community","osterska","Остерська","brovarskyi"
"community","vyshneva","Вишнева","buchanskyi"
"community","ivankivska","Іванківська","buchanskyi"
"community","petrivska","Петрівська","buchanskyi"
"community","borshchahivska","Борщагівська","buchanskyi"
"community","dymerska","Димерська","buchanskyi"
"community","nemishaivska","Немішаївська","buchanskyi"
"community","hatnenska","Гатненська","buchanskyi"
"community","bilohorodska","Білогородська","buchanskyi"
"community","borodianska","Бородянська","buchanskyi"
"community","buchanska","Бучанська","buchanskyi"
"community","hostomelska","Гостомельська","buchanskyi"
"community","dmytrivska","Дмитрівська","buchanskyi"
"community","irpinska","Ірпінська","buchanskyi"
"community","kotsiubynska","Коцюбинська","buchanskyi"
"community","boiarska","Боярська","buchanskyi"
"community","poliska","Поліська","vyshhorodskyi"
"community","narodytska","Народицька","vyshhorodskyi"
"community","slavutytska","Славутицька","vyshhorodskyi"
"community","mykhailo-kotsiubynska","Михайло-Коцюбинська","vyshhorodskyi"
"community","honcharivska","Гончарівська","vyshhorodskyi"
"community","desnianska","Деснянська","vyshhorodskyi"
"community","liubetska","Любецька","vyshhorodskyi"
"community","chabanivska","Чабанівська","obukhivskyi"
"community","feodosiivska","Феодосіївська","obukhivskyi"
"community","zolochivska","Золочівська","obukhivskyi"
"community","hrebinkivska","Гребінківська","obukhivskyi"
"community","kovalivska","Ковалівська","obukhivskyi"
"community","uzynska","Узинська","obukhivskyi"
"community","rokytnianska","Рокитнянська","obukhivskyi"
"community","hlevakhivska","Глевахівська","obukhivskyi"
"community","kozynska","Козинська","obukhivskyi"
"community","vasylkivska","Васильківська","obukhivskyi"
"community","kaharlytska","Кагарлицька","obukhivskyi"
"community","ukrainska","Українська","obukhivskyi"
"community","obukhivska","Обухівська","obukhivskyi"
"community","kalynivska","Калинівська","obukhivskyi"
"community","bilotserkivska","Білоцерківська","fastivskyi"
"community","fastivska","Фастівська","fastivskyi"
"community","fursivska","Фурсівська","fastivskyi"
"community","sarnenska","Сарненська","varaskyi"
"community","volodymyretska","Володимирецька","varaskyi"
"community","dubrovytska","Дубровицька","varaskyi"
"community","vysotska","Висоцька","varaskyi"
"community","kanonytska","Каноницька","varaskyi"
"community","antonivska","Антонівська","varaskyi"
"community","rafalivska","Рафалівська","varaskyi"
"community","maloliubashanska","Малолюбашанська","rivnenskyi"
"community","hoshchanska","Гощанська","rivnenskyi"
"community","koretska","Корецька","rivnenskyi"
"community","vyrivska","Вирівська","rivnenskyi"
"community","bilokrynytska","Білокриницька","rivnenskyi"
"community","ostrozka","Острозька","rivnenskyi"
"community","bereznivska","Березнівська","rivnenskyi"
"community","oleksandriiska","Олександрійська","rivnenskyi"
"community","netishynska","Нетішинська","rivnenskyi"
"community","shumska","Шумська","rivnenskyi"
"community","myrohoshchanska","Мирогощанська","rivnenskyi"
"community","krupetska","Крупецька","rivnenskyi"
"community","semydubska","Семидубська","rivnenskyi"
"community","rivnenska","Рівненська","rivnenskyi"
"community","shpanivska","Шпанівська","rivnenskyi"
"community","babynska","Бабинська","rivnenskyi"
"community","velykoomelianska","Великоомелянська","rivnenskyi"
"community","buhrynska","Бугринська","rivnenskyi"
"community","velykomezhyritska","Великомежиріцька","rivnenskyi"
"community","holovynska","Головинська","rivnenskyi"
"community","zdovbytska","Здовбицька","rivnenskyi"
"community","horodotska","Городоцька","rivnenskyi"
"community","zdolbunivska","Здолбунівська","rivnenskyi"
"community","varkovytska","Варковицька","rivnenskyi"
"community","berezdivska","Берездівська","rivnenskyi"
"community","pluzhnenska","Плужненська","rivnenskyi"
"community","pishchivska","Піщівська","rivnenskyi"
"community","hannopilska","Ганнопільська","rivnenskyi"
"community","horodnytska","Городницька","rivnenskyi"
"community","kornynska","Корнинська","rivnenskyi"
"community","malynska","Малинська","rivnenskyi"
"community","mizotska","Мізоцька","rivnenskyi"
"community","sosnivska","Соснівська","rivnenskyi"
"community","nemovytska","Немовицька","rivnenskyi"
"community","rokytnivska","Рокитнівська","rivnenskyi"
"community","stepanska","Степанська","rivnenskyi"
"community","myropilska","Миропільська","sumskyi"
"community","burynska","Буринська","sumskyi"
"community","trostianetska","Тростянецька","sumskyi"
"community","sadivska","Садівська","sumskyi"
"community","sumska","Сумська","sumskyi"
"community","bilopilska","Білопільська","sumskyi"
"community","vorozhbianska","Ворожбянська","sumskyi"
"community","yunakivska","Юнаківська","sumskyi"
"community","krasnopilska","Краснопільська","sumskyi"
"community","vilshanska","Вільшанська","sumskyi"
"community","boromlianska","Боромлянська","sumskyi"
"community","velykopysarivska","Великописарівська","sumskyi"
"community","richkivska","Річківська","sumskyi"
"community","mykolaivska","Миколаївська","sumskyi"
"community","verkhnosyrovatska","Верхньосироватська","sumskyi"
"community","chupakhivska","Чупахівська","sumskyi"
"community","nedryhailivska","Недригайлівська","sumskyi"
"community","nyzhnosyrovatska","Нижньосироватська","sumskyi"
"community","bezdrytska","Бездрицька","sumskyi"
"community","khotinska","Хотінська","sumskyi"
"community","mykolaivska","Миколаївська","sumskyi"
"community","stepanivska","Степанівська","sumskyi"
"community","novoslobidska","Новослобідська","sumskyi"
"community","seredyno-budska","Середино-Будська","shostkynskyi"
"community","krolevetska","Кролевецька","shostkynskyi"
"community","shostkynska","Шосткинська","shostkynskyi"
"community","znob-novhorodska","Зноб-Новгородська","shostkynskyi"
"community","putyvlska","Путивльська","shostkynskyi"
"community","esmanska","Есманьська","shostkynskyi"
"community","berezivska","Березівська","shostkynskyi"
"community","hlukhivska","Глухівська","shostkynskyi"
"community","druzhbivska","Дружбівська","shostkynskyi"
"community","sveska","Свеська","shostkynskyi"
"community","shalyhynska","Шалигинська","shostkynskyi"
"community","yampilska","Ямпільська","shostkynskyi"
"community","koropska","Коропська","shostkynskyi"
"community","novhorod-siverska","Новгород-Сіверська","shostkynskyi"
"community","ponornytska","Понорницька","shostkynskyi"
"community","bobrynetska","Бобринецька","novoukrainskyi"
"community","malovyskivska","Маловисківська","novoukrainskyi"
"community","ketrysanivska","Кетрисанівська","novoukrainskyi"
"community","hlodoska","Глодоська","novoukrainskyi"
"community","vilshanska","Вільшанська","novoukrainskyi"
"community","novomar'ivska","Новомар'ївська","novoukrainskyi"
"community","blahodatnenska","Благодатненська","novoukrainskyi"
"community","myhiivska","Мигіївська","novoukrainskyi"
"community","pishchanobridska","Піщанобрідська","novoukrainskyi"
"community","pomichnianska","Помічнянська","novoukrainskyi"
"community","katerynivska","Катеринівська","novoukrainskyi"
"community","kompaniivska","Компаніївська","novoukrainskyi"
"community","tyshkivska","Тишківська","novoukrainskyi"
"community","hannivska","Ганнівська","novoukrainskyi"
"community","dobrovelychkivska","Добровеличківська","novoukrainskyi"
"community","zlynska","Злинська","novoukrainskyi"
"community","smolinska","Смолінська","novoukrainskyi"
"community","mar'ianivska","Мар'янівська","novoukrainskyi"
"community","novoukrainska","Новоукраїнська","novoukrainskyi"
"community","sokolivska","Соколівська","novoukrainskyi"
"community","rivnianska","Рівнянська","novoukrainskyi"
"community","novoprazka","Новопразька","oleksandriiskyi"
"community","pantaivska","Панталіївська","oleksandriiskyi"
"community","znam'ianska","Знам'янська","oleksandriiskyi"
"community","hurivska","Гурівська","oleksandriiskyi"
"community","oleksandriiska","Олександрійська","oleksandriiskyi"
"community","zhovtovodska","Жовтоводська","oleksandriiskyi"
"community","novhorodkivska","Новгородківська","oleksandriiskyi"
"community","subottsivska","Суботцівська","oleksandriiskyi"
"community","lykhivska","Лихівська","oleksandriiskyi"
"community","p'iatykhatska","П'ятихатська","oleksandriiskyi"
"community","hleiuvatska","Глеюватська","oleksandriiskyi"
"community","lozuvatska","Лозуватська","oleksandriiskyi"
"community","petrivska","Петрівська","oleksandriiskyi"
"community","popelnastivska","Попельнастівська","oleksandriiskyi"
"community","pryiutivska","Приютівська","oleksandriiskyi"
"community","derhachivska","Дергачівська","bohodukhivskyi"
"community","chutivska","Чутівська","bohodukhivskyi"
"community","krasnokutska","Краснокутська","bohodukhivskyi"
"community","zolochivska","Золочівська","bohodukhivskyi"
"community","chernechchynska","Чернеччинська","bohodukhivskyi"
"community","kyrykivska","Кириківська","bohodukhivskyi"
"community","kolomatska","Коломацька","bohodukhivskyi"
"community","krasnohradska","Красноградська","bohodukhivskyi"
"community","starovirivska","Старовірівська","bohodukhivskyi"
"community","liubotynska","Люботинська","bohodukhivskyi"
"community","novovodolazka","Нововодолазька","bohodukhivskyi"
"community","solonytsivska","Солоницівська","bohodukhivskyi"
"community","skorokhodivska","Скороходівська","bohodukhivskyi"
"community","velykorublivska","Великорублівська","bohodukhivskyi"
"community","kotelevska","Котелевська","bohodukhivskyi"
"community","bohodukhivska","Богодухівська","bohodukhivskyi"
"community","valkivska","Валківська","bohodukhivskyi"
"community","zmiivska","Зміївська","krasnohradskyi"
"community","zachepylivska","Зачепилівська","krasnohradskyi"
"community","kehychivska","Кегичівська","krasnohradskyi"
"community","natalynska","Наталинська","krasnohradskyi"
"community","biliaivska","Біляївська","krasnohradskyi"
"community","oleksiivska","Олексіївська","krasnohradskyi"
"community","karlivska","Карлівська","krasnohradskyi"
"community","lannivska","Ланнівська","krasnohradskyi"
"community","mashivska","Машівська","krasnohradskyi"
"community","mykhailivska","Михайлівська","krasnohradskyi"
"community","lychkivska","Личківська","krasnohradskyi"
"community","martynivska","Мартинівська","krasnohradskyi"
"community","syniukhynobridska","Синюхинобрідська","holovanivskyi"
"community","pobuzka","Побузька","holovanivskyi"
"community","adzhamska","Аджамська","kropyvnytskyi"
"community","bratska","Братська","kropyvnytskyi"
"community","kazankivska","Казанківська","kropyvnytskyi"
"community","novobuzka","Новобузька","kropyvnytskyi"
"community","sofiivska","Софіївська","kropyvnytskyi"
"community","velykoseverynivska","Великосеверинівська","kropyvnytskyi"
"community","dolynska","Долинська","kropyvnytskyi"
"community","pervozvanivska","Первозванівська","kropyvnytskyi"
"community","ustynivska","Устинівська","kropyvnytskyi"
"community","kropyvnytska","Кропивницька","kropyvnytskyi"
"community","slobozhanska","Слобожанська","lozivskyi"
"community","balakliiska","Балаклійська","lozivskyi"
"community","donetska","Донецька","lozivskyi"
"community","pervomaiska","Первомайська","lozivskyi"
"community","biletska","Білецька","ternopilskyi"
"community","zalozetska","Залозецька","ternopilskyi"
"community","kozlivska","Козлівська","ternopilskyi"
"community","vyshnivetska","Вишнівецька","ternopilskyi"
"community","velykohaivska","Великогаївська","ternopilskyi"
"community","lopushnenska","Лопушненська","ternopilskyi"
"community","velykoberezovytska","Великоберезовицька","ternopilskyi"
"community","baikovetska","Байковецька","ternopilskyi"
"community","velykobirkivska","Великобірківська","ternopilskyi"
"community","kupchynetska","Купчинецька","ternopilskyi"
"community","berezhanska","Бережанська","ternopilskyi"
"community","zbarazka","Збаразька","ternopilskyi"
"community","zborivska","Зборівська","ternopilskyi"
"community","kozivska","Козівська","ternopilskyi"
"community","naraivska","Нараївська","ternopilskyi"
"community","ozernianska","Озернянська","ternopilskyi"
"community","pidhorodnianska","Підгороднянська","ternopilskyi"
"community","saranchukivska","Саранчуківська","ternopilskyi"
"community","ternopilska","Тернопільська","ternopilskyi"
"community","pidkaminska","Підкамінська","ternopilskyi"
"community","pomorianska","Поморянська","ternopilskyi"
"community","zolochivska","Золочівська","ternopilskyi"
"community","peremyshlianska","Перемишлянська","ternopilskyi"
"community","rohatynska","Рогатинська","ternopilskyi"
"community","smyzka","Смизька","kremenetskyi"
"community","velykodederkalska","Великодедеркальська","kremenetskyi"
"community","borsukivska","Борсуківська","kremenetskyi"
"community","kremenetska","Кременецька","kremenetskyi"
"community","pochaivska","Почаївська","kremenetskyi"
"community","radyvylivska","Радивилівська","kremenetskyi"
"community","kozynska","Козинська","kremenetskyi"
"community","lypetska","Липецька","chuhuivskyi"
"community","velykoburlutska","Великобурлуцька","chuhuivskyi"
"community","vilkhuvatska","Вільхуватська","chuhuivskyi"
"community","shevchenkivska","Шевченківська","chuhuivskyi"
"community","meref'ianska","Мереф'янська","chuhuivskyi"
"community","malynivska","Малинівська","chuhuivskyi"
"community","bezliudivska","Безлюдівська","chuhuivskyi"
"community","vysochanska","Височанська","chuhuivskyi"
"community","vilkhivska","Вільхівська","chuhuivskyi"
"community","rohanska","Роганська","chuhuivskyi"
"community","novopokrovska","Новопокровська","chuhuivskyi"
"community","chkalovska","Чкаловська","chuhuivskyi"
"community","pechenizka","Печенізька","chuhuivskyi"
"community","starosaltivska","Старосалтівська","chuhuivskyi"
"community","chuhuivska","Чугуївська","chuhuivskyi"
"community","tsyrkunivska","Циркунівська","chuhuivskyi"
"community","vovchanska","Вовчанська","chuhuivskyi"
"community","borozenska","Борозенська","beryslavskyi"
"community","volodymyrivska","Володимирівська","beryslavskyi"
"community","vysokopilska","Високопільська","beryslavskyi"
"community","kochubeivska","Кочубеївська","beryslavskyi"
"community","velykooleksandrivska","Великоолександрівська","beryslavskyi"
"community","bereznehuvatska","Березнегуватська","beryslavskyi"
"community","apostolivska","Апостолівська","beryslavskyi"
"community","zelenodolska","Зеленодольська","beryslavskyi"
"community","karpivska","Карпівська","beryslavskyi"
"community","shyrokivska","Широківська","beryslavskyi"
"community","kalynivska","Калинівська","beryslavskyi"
"community","troitska","Троїцька","kup'ianskyi"
"community","kunievska","Куньєвська","kup'ianskyi"
"community","savynska","Савинська","kup'ianskyi"
"community","dvorichanska","Дворічанська","kup'ianskyi"
"community","kolomyichyska","Коломийчиська","kup'ianskyi"
"community","kindrashivska","Кіндрашівська","kup'ianskyi"
"community","kup'ianska","Куп'янська","kup'ianskyi"
"community","kurylivska","Курилівська","kup'ianskyi"
"community","petropavlivska","Петропавлівська","kup'ianskyi"
"community","nyzhnoduvanska","Нижньодуванська","kup'ianskyi"
"community","novoselytska","Новоселицька","dnistrovskyi"
"community","toporivska","Топорівська","dnistrovskyi"
"community","kelmenetska","Кельменецька","dnistrovskyi"
"community","mamalyhivska","Мамалигівська","dnistrovskyi"
"community","kytaihorodska","Китайгородська","dnistrovskyi"
"community","slobidsko-kulchiievetska","Слобідсько-Кульчієвецька","dnistrovskyi"
"community","staroushytska","Староушицька","dnistrovskyi"
"community","livynetska","Лівинецька","dnistrovskyi"
"community","vashkovetska","Вашковецька","dnistrovskyi"
"community","nedoboivska","Недобоївська","dnistrovskyi"
"community","novodnistrovska","Новодністровська","dnistrovskyi"
"community","vanchykovetska","Ванчиковецька","dnistrovskyi"
"community","petrovetska","Петровецька","chernivetskyi"
"community","kitsmanska","Кіцманська","chernivetskyi"
"community","volokivska","Волоківська","chernivetskyi"
"community","chahorska","Чагорська","chernivetskyi"
"community","suchevenska","Сучевенська","chernivetskyi"
"community","mahalska","Магальська","chernivetskyi"
"community","tereblechenska","Тереблеченська","chernivetskyi"
"community","tarashanska","Тарашанська","chernivetskyi"
"community","hertsaivska","Герцаївська","chernivetskyi"
"community","ostrytska","Острицька","chernivetskyi"
"community","horishnosherovetska","Горішньошеровецька","chernivetskyi"
"community","chernivetska","Чернівецька","chernivetskyi"
"community","boianska","Боянська","chernivetskyi"
"community","kam'ianska","Кам'янська","chernivetskyi"
"community","karapchivska","Карапчівська","chernivetskyi"
"community","kam'ianetska","Кам'янецька","chernivetskyi"
"community","chudeiska","Чудейська","chernivetskyi"
"community","hlybotska","Глибоцька","chernivetskyi"
"community","velykokuchurivska","Великокучурівська","chernivetskyi"
"community","zastavnivska","Заставнівська","chernivetskyi"
"community","stavchanska","Ставчанська","chernivetskyi"
"community","menska","Менська","koriukivskyi"
"community","snovska","Сновська","koriukivskyi"
"community","horodnianska","Городнянська","koriukivskyi"
"community","kulykivska","Куликівська","koriukivskyi"
"community","komarivska","Комарівська","koriukivskyi"
"community","semenivska","Семенівська","koriukivskyi"
"community","kholmynska","Холминська","koriukivskyi"
"community","borznianska","Борзнянська","koriukivskyi"
"community","koriukivska","Корюківська","koriukivskyi"
"community","sosnytska","Сосницька","koriukivskyi"
"community","vysochanska","Височанська","koriukivskyi"
"community","bereznianska","Березнянська","koriukivskyi"
"community","malodivytska","Малодівицька","nizhynskyi"
"community","olyshivska","Олишівська","nizhynskyi"
"community","parafiivska","Парафіївська","nizhynskyi"
"community","losynivska","Лосинівська","nizhynskyi"
"community","baturynska","Батуринська","nizhynskyi"
"community","bakhmatska","Бахмацька","nizhynskyi"
"community","mrynska","Мринська","nizhynskyi"
"community","talalaivska","Талалаївська","nizhynskyi"
"community","nizhynska","Ніжинська","nizhynskyi"
"community","dmytrivska","Дмитрівська","nizhynskyi"
"community","krutivska","Крутівська","nizhynskyi"
"community","popivska","Попівська","nizhynskyi"
"community","talalaivska","Талалаївська","nizhynskyi"
"community","vertiivska","Вертіївська","nizhynskyi"
"community","nosivska","Носівська","nizhynskyi"
"community","plyskivska","Плисківська","nizhynskyi"
"community","ichnianska","Ічнянська","nizhynskyi"
"community","kiptivska","Кіптівська","nizhynskyi"
"community","mateivetska","Матеївецька","kolomyiskyi"
"community","deliatynska","Делятинська","kolomyiskyi"
"community","lanchynska","Ланчинська","kolomyiskyi"
"community","obertynska","Обертинська","kolomyiskyi"
"community","p'iadytska","П'ядицька","kolomyiskyi"
"community","hvizdetska","Гвіздецька","kolomyiskyi"
"community","ivano-frankivska","Івано-Франківська","kolomyiskyi"
"community","tysmenytska","Тисменицька","kolomyiskyi"
"community","nyzhnoverbizka","Нижньовербізька","kolomyiskyi"
"community","otyniiska","Отинійська","kolomyiskyi"
"community","zabolotivska","Заболотівська","kolomyiskyi"
"community","kolomyiska","Коломийська","kolomyiskyi"
"community","pechenizhynska","Печеніжинська","kolomyiskyi"
"community","pidhaichykivska","Підгайчиківська","kolomyiskyi"
"community","kosivska","Косівська","kolomyiskyi"
"community","yablunivska","Яблунівська","kolomyiskyi"
"community","pererislianska","Переріслянська","kolomyiskyi"
"community","korshivska","Коршівська","kolomyiskyi"
"community","dubenska","Дубенська","dubenskyi"
"community","pryvilnenska","Привільненська","dubenskyi"
"community","tarakanivska","Тараканівська","dubenskyi"
"community","bokiimivska","Бокіймівська","dubenskyi"
"community","verbska","Вербська","dubenskyi"
"community","povchanska","Повчанська","dubenskyi"
"community","berezivska","Березівська","sarnenskyi"
"community","starosilska","Старосільська","sarnenskyi"
"community","klesivska","Клесівська","sarnenskyi"
"community","olevska","Олевська","sarnenskyi"
"community","myliatska","Миляцька","sarnenskyi"
"community","lynovytska","Линовицька","lubenskyi"
"community","novoorzhytska","Новооржицька","lubenskyi"
"community","yasynuvatska","Ясинуватська","donetskyi"
"community","avdiivska","Авдіївська","donetskyi"
"community","velykodalnytska","Великодальницька","odeskyi"
"community","teplodarska","Теплодарська","odeskyi"
"community","nerubaiska","Нерубайська","odeskyi"
"community","tairovska","Таїровська","odeskyi"
"community","lymanska","Лиманська","odeskyi"
"community","velykodolynska","Великодолинська","odeskyi"
"community","chornomorska","Чорноморська","odeskyi"
"community","avanhardivska","Авангардівська","odeskyi"
"community","fontanska","Фонтанська","odeskyi"
"community","vyhodianska","Вигодянська","odeskyi"
"community","dachnenska","Дачненська","odeskyi"
"community","odeska","Одеська","odeskyi"
"community","yaskivska","Яськівська","odeskyi"
"community","chornomorska","Чорноморська","odeskyi"
"community","romenska","Роменська","prylutskyi"
"community","ladanska","Ладанська","prylutskyi"
"community","prylutska","Прилуцька","prylutskyi"
"community","sribnianska","Срібнянська","prylutskyi"
"community","novobilouska","Новобілоуська","chernihivskyi"
"community","chernihivska","Чернігівська","chernihivskyi"
"community","sednivska","Седнівська","chernihivskyi"
"community","ivanivska","Іванівська","chernihivskyi"
"community","kyinska","Киїнська","chernihivskyi"
"community","dobrianska","Добрянська","chernihivskyi"
"community","kyselivska","Киселівська","chernihivskyi"
"community","ripkynska","Ріпкинська","chernihivskyi"
"community","tupychivska","Тупичівська","chernihivskyi"
"community","novorozdilska","Новороздільська","stryiskyi"
"community","pustomytivska","Пустомитівська","stryiskyi"
"community","hnizdychivska","Гніздичівська","stryiskyi"
"community","volovetska","Воловецька","stryiskyi"
"community","solonkivska","Солонківська","stryiskyi"
"community","truskavetska","Трускавецька","stryiskyi"
"community","bibrska","Бібрська","stryiskyi"
"community","zhydachivska","Жидачівська","stryiskyi"
"community","shchyretska","Щирецька","stryiskyi"
"community","rozvadivska","Розвадівська","stryiskyi"
"community","trostianetska","Тростянецька","stryiskyi"
"community","zhuravnenska","Журавненська","stryiskyi"
"community","mykolaivska","Миколаївська","stryiskyi"
"community","morshynska","Моршинська","stryiskyi"
"community","skolivska","Сколівська","stryiskyi"
"community","stryiska","Стрийська","stryiskyi"
"community","khodorivska","Ходорівська","stryiskyi"
"community","mizhhirska","Міжгірська","stryiskyi"
"community","pylypetska","Пилипецька","stryiskyi"
"community","slavska","Славська","stryiskyi"
"community","verkhnianska","Верхнянська","stryiskyi"
"community","bukachivska","Букачівська","stryiskyi"
"community","bolekhivska","Болехівська","stryiskyi"
"community","voinylivska","Войнилівська","stryiskyi"
"community","dolynska","Долинська","stryiskyi"
"community","vyhodska","Вигодська","stryiskyi"
"community","vytvytska","Витвицька","stryiskyi"
"community","hrabovetsko-dulibivska","Грабовецько-Дулібівська","stryiskyi"
"community","buska","Буська","chervonohradskyi"
"community","zhovkivska","Жовківська","chervonohradskyi"
"community","kam'ianka-buzka","Кам'янка-Бузька","chervonohradskyi"
"community","chervonohradska","Червоноградська","chervonohradskyi"
"community","rava-ruska","Рава-Руська","chervonohradskyi"
"community","velykomostivska","Великомостівська","chervonohradskyi"
"community","belzka","Белзька","chervonohradskyi"
"community","dobrotvirska","Добротвірська","chervonohradskyi"
"community","lysetska","Лисецька","ivano-frankivskyi"
"community","zahvizdianska","Загвіздянська","ivano-frankivskyi"
"community","polianytska","Поляницька","ivano-frankivskyi"
"community","uhrynivska","Угринівська","ivano-frankivskyi"
"community","ust-chornianska","Усть-Чорнянська","ivano-frankivskyi"
"community","perehinska","Перегінська","ivano-frankivskyi"
"community","dzvyniatska","Дзвиняцька","ivano-frankivskyi"
"community","starobohorodchanska","Старобогородчанська","ivano-frankivskyi"
"community","burshtynska","Бурштинська","ivano-frankivskyi"
"community","bohorodchanska","Богородчанська","ivano-frankivskyi"
"community","halytska","Галицька","ivano-frankivskyi"
"community","solotvynska","Солотвинська","ivano-frankivskyi"
"community","novytska","Новицька","ivano-frankivskyi"
"community","yamnytska","Ямницька","ivano-frankivskyi"
"community","rozhniativska","Рожнятівська","ivano-frankivskyi"
"community","kaluska","Калуська","ivano-frankivskyi"
"community","nadvirnianska","Надвірнянська","ivano-frankivskyi"
"community","pasichnianska","Пасічнянська","ivano-frankivskyi"
"community","dubivska","Дубівська","kaluskyi"
"community","synevyrska","Синевирська","kaluskyi"
"community","broshniv-osadska","Брошнів-Осадська","kaluskyi"
"community","spaska","Спаська","kaluskyi"
"community","bohdanska","Богданська","nadvirnianskyi"
"community","yasinianska","Ясінянська","nadvirnianskyi"
"community","verkhovynska","Верховинська","nadvirnianskyi"
"community","zelenska","Зеленська","nadvirnianskyi"
"community","kosmatska","Космацька","nadvirnianskyi"
"community","vorokhtianska","Ворохтянська","nadvirnianskyi"
"community","yaremchanska","Яремчанська","nadvirnianskyi"
"community","dobrosynsko-maherivska","Добросинсько-Магерівська","yavorivskyi"
"community","novoiavorivska","Новояворівська","yavorivskyi"
"community","lvivska","Львівська","yavorivskyi"
"community","yavorivska","Яворівська","yavorivskyi"
"community","zymnovodivska","Зимноводівська","yavorivskyi"
"community","ivano-frankivska","Івано-Франківська","yavorivskyi"
"community","velykoluchkivska","Великолучківська","uzhhorodskyi"
"community","ivanovetska","Івановецька","uzhhorodskyi"
"community","polianska","Полянська","uzhhorodskyi"
"community","chynadiivska","Чинадіївська","uzhhorodskyi"
"community","kholmkivska","Холмківська","uzhhorodskyi"
"community","onokivska","Оноківська","uzhhorodskyi"
"community","perechynska","Перечинська","uzhhorodskyi"
"community","baranynska","Баранинська","uzhhorodskyi"
"community","velykobereznianska","Великоберезнянська","uzhhorodskyi"
"community","dubrynytsko-malobereznianska","Дубриницько-Малоберезнянська","uzhhorodskyi"
"community","kostrynska","Костринська","uzhhorodskyi"
"community","serednianska","Середнянська","uzhhorodskyi"
"community","uzhhorodska","Ужгородська","uzhhorodskyi"
"community","siurtivska","Сюртівська","uzhhorodskyi"
"community","tur'ie-remetivska","Тур'є-Реметівська","uzhhorodskyi"
"community","kolchynska","Кольчинська","uzhhorodskyi"
"community","mykolaivska","Миколаївська","dniprovskyi"
"community","chkalovska","Першотравневська","dniprovskyi"
"community","pidhorodnenska","Підгородненська","dniprovskyi"
"community","kytaihorodska","Китайгородська","dniprovskyi"
"community","liubymivska","Любимівська","dniprovskyi"
"community","kam'ianska","Кам'янська","dniprovskyi"
"community","liashkivska","Ляшківська","dniprovskyi"
"community","nekhvoroshchanska","Нехворощанська","dniprovskyi"
"community","novopokrovska","Новопокровська","dniprovskyi"
"community","obukhivska","Обухівська","dniprovskyi"
"community","zatyshnianska","Затишнянська","dniprovskyi"
"community","mohylivska","Могилівська","dniprovskyi"
"community","dniprovska","Дніпровська","dniprovskyi"
"community","novooleksandrivska","Новоолександрівська","dniprovskyi"
"community","slobozhanska","Слобожанська","dniprovskyi"
"community","sursko-lytovska","Сурсько-Литовська","dniprovskyi"
"community","petrykivska","Петриківська","dniprovskyi"
"community","sviatovasylivska","Святовасилівська","dniprovskyi"
"community","krynychanska","Криничанська","dniprovskyi"
"community","tsarychanska","Царичанська","dniprovskyi"
"community","chumakivska","Чумаківська","dniprovskyi"
"community","sofiivska","Софіївська","dniprovskyi"
"community","mahdalynivska","Магдалинівська","dniprovskyi"
"community","novomoskovska","Новомосковська","dniprovskyi"
"community","chernechchynska","Чернеччинська","dniprovskyi"
"community","dubovykivska","Дубовиківська","synelnykivskyi"
"community","komarska","Комарська","synelnykivskyi"
"community","mezhivska","Межівська","synelnykivskyi"
"community","synelnykivska","Синельниківська","synelnykivskyi"
"community","huliaipilska","Гуляйпільська","synelnykivskyi"
"community","malomykhailivska","Маломихайлівська","synelnykivskyi"
"community","petropavlivska","Петропавлівська","synelnykivskyi"
"community","velykomykhailivska","Великомихайлівська","synelnykivskyi"
"community","novopavlivska","Новопавлівська","synelnykivskyi"
"community","velykonovosilkivska","Великоновосілківська","synelnykivskyi"
"community","pershotravenska","Першотравенська","synelnykivskyi"
"community","udachnenska","Удачненська","synelnykivskyi"
"community","iziumska","Ізюмська","iziumskyi"
"community","malodanylivska","Малоданилівська","kharkivskyi"
"community","pisochynska","Пісочинська","kharkivskyi"
"community","kharkivska","Харківська","kharkivskyi"
"community","pivdennomiska","Південноміська","kharkivskyi"
"community","verkhivtsivska","Верхівцівська","kam’ianskyi"
"community","vyshnivska","Вишнівська","kam’ianskyi"
"community","vilnohirska","Вільногірська","kam’ianskyi"
"community","bozhedarivska","Божедарівська","kam’ianskyi"
"community","saksahanska","Саксаганська","kam’ianskyi"
"community","devladivska","Девладівська","kam’ianskyi"
"community","nyvotrudivska","Нивотрудівська","kryvorizkyi"
"community","vakulivska","Вакулівська","kryvorizkyi"
"community","hrechanopodivska","Гречаноподівська","kryvorizkyi"
"community","novopilska","Новопільська","kryvorizkyi"
"community","novolativska","Новолатівська","kryvorizkyi"
"community","kryvorizka","Криворізька","kryvorizkyi"
"community","marhanetska","Марганецька","nikopolskyi"
"community","nikopolska","Нікопольська","nikopolskyi"
"community","chervonohryhorivska","Червоногригорівська","nikopolskyi"
"community","ovrutska","Овруцька","korostenskyi"
"community","hladkovytska","Гладковицька","korostenskyi"
"community","slovechanska","Словечанська","korostenskyi"
"community","chopovytska","Чоповицька","korostenskyi"
"community","horshchykivska","Горщиківська","korostenskyi"
"community","bilokorovytska","Білокоровицька","korostenskyi"
"community","korostenska","Коростенська","korostenskyi"
"community","luhynska","Лугинська","korostenskyi"
"community","yemilchynska","Ємільчинська","korostenskyi"
"community","novohrad-volynska","Новоград-Волинська","novohrad-volynskyi"
"community","dubrivska","Дубрівська","novohrad-volynskyi"
"community","mykhailiutska","Михайлюцька","novohrad-volynskyi"
"community","poninkivska","Понінківська","novohrad-volynskyi"
"community","stryivska","Стриївська","novohrad-volynskyi"
"community","chyzhivska","Чижівська","novohrad-volynskyi"
"community","yarunska","Ярунська","novohrad-volynskyi"
"community","shyrokivska","Широківська","shchastynskyi"
"community","sievierodonetska","Сєвєродонецька","shchastynskyi"
"community","bilovodska","Біловодська","shchastynskyi"
"community","zymohir'ivska","Зимогір'ївська","shchastynskyi"
"community","hirska","Гірська","shchastynskyi"
"community","chmyrivska","Чмирівська","shchastynskyi"
"community","shulhynska","Шульгинська","shchastynskyi"
"community","nyzhnoteplivska","Нижньотеплівська","shchastynskyi"
"community","novoaidarska","Новоайдарська","shchastynskyi"
"community","shchastynska","Щастинська","shchastynskyi"
"community","vilnozaporizka","Вільнозапорізька","bashtanskyi"
"community","bashtanska","Баштанська","bashtanskyi"
"community","buzka","Бузька","voznesenskyi"
"community","voznesenska","Вознесенська","voznesenskyi"
"community","prybuzhanivska","Прибужанівська","voznesenskyi"
"community","oleksandrivska","Олександрівська","voznesenskyi"
"community","prybuzka","Прибузька","voznesenskyi"
"community","yuzhnoukrainska","Южноукраїнська","voznesenskyi"
"community","arbuzynska","Арбузинська","voznesenskyi"
"community","kam'ianomostivska","Кам'яномостівська","voznesenskyi"
"community","pervomaiska","Первомайська","pervomaiskyi"
"community","ulashanivska","Улашанівська","shepetivskyi"
"community","shepetivska","Шепетівська","shepetivskyi"
"community","slavutska","Славутська","shepetivskyi"
"community","sudylkivska","Судилківська","shepetivskyi"
"community","makivska","Маківська","kam'ianets-podilskyi"
"community","humenetska","Гуменецька","kam'ianets-podilskyi"
"community","dunaievetska","Дунаєвецька","kam'ianets-podilskyi"
"community","kam'ianets-podilska","Кам'янець-Подільська","kam'ianets-podilskyi"
"community","bilokurakynska","Білокуракинська","svativskyi"
"community","lozno-oleksandrivska","Лозно-Олександрівська","svativskyi"
"community","svativska","Сватівська","svativskyi"
"community","rubizhanska","Рубіжанська","svativskyi"
"community","bilolutska","Білолуцька","svativskyi"
"community","novopskovska","Новопсковська","svativskyi"
"community","starobilska","Старобільська","svativskyi"
"community","markivska","Марківська","starobilskyi"
"community","milovska","Міловська","starobilskyi"
"community","pokrovska","Покровська","volnovaskyi"
"community","malynivska","Малинівська","volnovaskyi"
"community","rozivska","Розівська","volnovaskyi"
"community","staromlynivska","Старомлинівська","volnovaskyi"
"community","khlibodarivska","Хлібодарівська","volnovaskyi"
"community","kalchytska","Кальчицька","volnovaskyi"
"community","kurakhivska","Курахівська","volnovaskyi"
"community","malobilozerska","Малобілозерська","melitopolskyi"
"community","rozdolska","Роздольська","melitopolskyi"
"community","oleksandrivska","Олександрівська","melitopolskyi"
"community","novouspenivska","Новоуспенівська","melitopolskyi"
"community","mykhailivska","Михайлівська","melitopolskyi"
"community","pryazovska","Приазовська","melitopolskyi"
"community","myrnenska","Мирненська","melitopolskyi"
"community","novovasylivska","Нововасилівська","melitopolskyi"
"community","kostiantynivska","Костянтинівська","melitopolskyi"
"community","plodorodnenska","Плодородненська","melitopolskyi"
"community","chernihivska","Чернігівська","melitopolskyi"
"community","melitopolska","Мелітопольська","melitopolskyi"
"community","molochanska","Молочанська","melitopolskyi"
"community","novenska","Новенська","melitopolskyi"
"community","novobohdanivska","Новобогданівська","melitopolskyi"
"community","semenivska","Семенівська","melitopolskyi"
"community","terpinnivska","Терпіннівська","melitopolskyi"
"community","prymorska","Приморська","melitopolskyi"
"community","manhushska","Мангушська","mariupolskyi"
"community","osypenkivska","Осипенківська","mariupolskyi"
"community","berestivska","Берестівська","mariupolskyi"
"community","komysh-zorianska","Комиш-Зорянська","mariupolskyi"
"community","mariupolska","Маріупольська","mariupolskyi"
"community","nikolska","Нікольська","mariupolskyi"
"community","dubivska","Дубівська","tiachivskyi"
"community","teresvianska","Тересвянська","tiachivskyi"
"community","uhlianska","Углянська","tiachivskyi"
"community","kolochavska","Колочавська","tiachivskyi"
"community","vilkhovetska","Вільховецька","tiachivskyi"
"community","velykobychkivska","Великобичківська","tiachivskyi"
"community","bushtynska","Буштинська","tiachivskyi"
"community","tiachivska","Тячівська","tiachivskyi"
"community","neresnytska","Нересницька","tiachivskyi"
"community","solotvynska","Солотвинська","tiachivskyi"
"community","bedevlianska","Бедевлянська","tiachivskyi"
"community","drahivska","Драгівська","tiachivskyi"
"community","dovzhanska","Довжанська","khustskyi"
"community","verkhnokoropetska","Верхньокоропецька","khustskyi"
"community","nelipynska","Неліпинська","khustskyi"
"community","horinchivska","Горінчівська","khustskyi"
"community","keretskivska","Керецьківська","khustskyi"
"community","svaliavska","Свалявська","khustskyi"
"community","kolarivska","Коларівська","berdianskyi"
"community","berdianska","Бердянська","berdianskyi"
"community","smyrnovska","Смирновська","berdianskyi"
"community","andrivska","Андрівська","berdianskyi"
"community","andriivska","Андріївська","berdianskyi"
"community","tokmatska","Токмацька","berdianskyi"
"community","polohivska","Пологівська","berdianskyi"
"community","novosanzharska","Новосанжарська","poltavskyi"
"community","opishnianska","Опішнянська","poltavskyi"
"community","hrunska","Грунська","poltavskyi"
"community","tereshkivska","Терешківська","poltavskyi"
"community","kolomatska","Коломацька","poltavskyi"
"community","drabynivska","Драбинівська","poltavskyi"
"community","machukhivska","Мачухівська","poltavskyi"
"community","novoselivska","Новоселівська","poltavskyi"
"community","shcherbanivska","Щербанівська","poltavskyi"
"community","poltavska","Полтавська","poltavskyi"
"community","novoiarychivska","Новояричівська","zolochivskyi"
"community","krasnenska","Красненська","zolochivskyi"
"community","hlynianska","Глинянська","zolochivskyi"
"community","zabolottsivska","Заболотцівська","zolochivskyi"
"community","sokilnytska","Сокільницька","lvivskyi"
"community","kulykivska","Куликівська","lvivskyi"
"community","obroshynska","Оброшинська","lvivskyi"
"community","murovanska","Мурованська","lvivskyi"
"community","zhovtanetska","Жовтанецька","lvivskyi"
"community","davydivska","Давидівська","lvivskyi"
"community","pidberiztsivska","Підберізцівська","lvivskyi"
"community","myrnohradska","Мирноградська","pokrovskyi"
"community","novohrodivska","Новогродівська","pokrovskyi"
"community","selydivska","Селидівська","pokrovskyi"
"community","rakhivska","Рахівська","rakhivskyi"
"community","dubov'iazivska","Дубов'язівська","romenskyi"
"community","korovynska","Коровинська","romenskyi"
"community","khmelivska","Хмелівська","romenskyi"
"community","dniprorudnenska","Дніпрорудненська","vasylivskyi"
"community","blahovishchenska","Благовіщенська","vasylivskyi"
"community","vasylivska","Василівська","vasylivskyi"
"community","enerhodarska","Енергодарська","vasylivskyi"
"community","malotokmachanska","Малотокмачанська","polohivskyi"
"community","fedorivska","Федорівська","polohivskyi"
"community","voskresenska","Воскресенська","polohivskyi"
"community","bilmatska","Більмацька","polohivskyi"
"community","malovilshanska","Маловільшанська","bilotserkivskyi"
"community","hirska","Гірська","boryspilskyi"
"community","velykoploskivska","Великоплосківська","rozdilnianskyi"
"community","velykomykhailivska","Великомихайлівська","rozdilnianskyi"
"community","stepanivska","Степанівська","rozdilnianskyi"
"community","konotopska","Конотопська","konotopskyi"
"community","bochechkivska","Бочечківська","konotopskyi"
"community","okhtyrska","Охтирська","okhtyrskyi"
"community",NULL,"Олицька",NULL
"community",NULL,"Волицька",NULL
"community",NULL,"Покровська",NULL
